"Qubit","T1 (us)","T2 (us)","Frequency (GHz)","Anharmonicity (GHz)","Readout assignment error ","Prob meas0 prep1 ","Prob meas1 prep0 ","Readout length (ns)","ID error ","Z-axis rotation (rz) error ","√x (sx) error ","Pauli-X error ","ECR error ","Gate time (ns)","Operational"
"0","237.36364020705798","49.405670386079066","4.721910266836261","-0.31197865973435573","0.031494140625","0.0166015625","0.04638671875","1300","0.00046486157710481403","0","0.00046486157710481403","0.00046486157710481403","","","true"
"1","56.79025215873927","213.31167578603902","4.815118292470046","-0.3097440319777085","0.023193359375","0.02490234375","0.021484375","1300","0.0002986447967331121","0","0.0002986447967331121","0.0002986447967331121","1_0:0.014368331018477953","1_0:660","true"
"2","332.8300570071038","344.8197895856224","4.609654825660518","-0.3090875180776862","0.012939453125","0.015625","0.01025390625","1300","0.00011185843129314542","0","0.00011185843129314542","0.00011185843129314542","2_1:0.009824192148655653","2_1:660","true"
"3","90.05618375191841","22.405328884167936","4.875540360464372","-0.30968652168552707","0.02001953125","0.013671875","0.0263671875","1300","0.0006017663639261016","0","0.0006017663639261016","0.0006017663639261016","3_2:0.0325190731775587","3_2:660","true"
"4","244.53898389543815","209.83876328189004","4.818185826995244","-0.3103713081153928","0.04248046875","0.04541015625","0.03955078125","1300","0.00015896420652125376","0","0.00015896420652125376","0.00015896420652125376","4_15:0.01879114457444614;4_3:0.011347342619627554;4_5:0.004239781811380572","4_15:660;4_3:660;4_5:660","true"
"5","386.54488154806063","342.2349855261074","4.73412909398831","-0.3114518235315779","0.00927734375","0.01123046875","0.00732421875","1300","0.0001473831452253353","0","0.0001473831452253353","0.0001473831452253353","","","true"
"6","350.66481701470684","89.26539893604524","4.876260174498752","-0.30918835047116894","0.015380859375","0.0048828125","0.02587890625","1300","0.00018728049884520796","0","0.00018728049884520796","0.00018728049884520796","6_5:0.0059011632918269386;6_7:0.008014653597151311","6_5:660;6_7:660","true"
"7","299.14038154742366","265.52714449522546","4.96750424195932","-0.30745739300983294","0.012939453125","0.0087890625","0.01708984375","1300","0.00016771690355167065","0","0.00016771690355167065","0.00016771690355167065","7_8:0.006139585796997027","7_8:660","true"
"8","310.72022266583144","246.22574913206907","4.902442888933418","-0.30837827664687645","0.01123046875","0.01318359375","0.00927734375","1300","0.00027951892054468033","0","0.00027951892054468033","0.00027951892054468033","8_9:0.01114549637071377","8_9:660","true"
"9","376.98779563671735","83.64739518540273","4.98723505372014","-0.3080310587566364","0.01171875","0.00634765625","0.01708984375","1300","0.00025502254792571114","0","0.00025502254792571114","0.00025502254792571114","","","true"
"10","195.86916684304236","169.46839234920682","4.831536385020998","-0.3097434424405673","0.01171875","0.01025390625","0.01318359375","1300","0.00016938868375581165","0","0.00016938868375581165","0.00016938868375581165","10_9:0.007061983334398336;10_11:0.006016444581249114","10_9:660;10_11:660","true"
"11","349.6478077070049","295.19645556345625","4.972390741749951","-0.307214316560019","0.0361328125","0.02392578125","0.04833984375","1300","0.00012289514151530103","0","0.00012289514151530103","0.00012289514151530103","11_12:0.014144338552780078","11_12:660","true"
"12","311.66429418318353","114.13343989764356","4.9363171961603465","-0.3079608272575031","0.0205078125","0.01220703125","0.02880859375","1300","0.0008013080229172362","0","0.0008013080229172362","0.0008013080229172362","12_17:0.008975435864602366","12_17:660","true"
"13","339.09219428016405","88.64551981567988","5.005805620097516","-0.3067650398842775","0.015625","0.0078125","0.0234375","1300","0.00026451758535474994","0","0.00026451758535474994","0.00026451758535474994","13_12:0.015738536165369077","13_12:660","true"
"14","267.27599138033287","98.30277091588813","4.903347712188609","-0.308419961199297","0.015869140625","0.013671875","0.01806640625","1300","0.0002843302397350082","0","0.0002843302397350082","0.0002843302397350082","14_0:0.008268707221964933;14_18:0.0064359755723629175","14_0:660;14_18:660","true"
"15","159.22419600770866","29.243498273014794","4.947919340497961","-0.308052427832017","0.023681640625","0.03125","0.01611328125","1300","0.0009716006986805588","0","0.0009716006986805588","0.0009716006986805588","15_22:0.030477538581113295","15_22:660","true"
"16","190.10949176698415","17.181993645737244","4.960343904521057","-0.3076594514774509","0.0185546875","0.0146484375","0.0224609375","1300","0.0002552529162467407","0","0.0002552529162467407","0.0002552529162467407","16_8:0.008185941371807282;16_26:0.006134389055326317","16_8:660;16_26:660","true"
"17","231.4041327222127","166.22731809864285","4.82081259043805","-0.30970435909943395","0.01318359375","0.00732421875","0.01904296875","1300","0.00019032618492936627","0","0.00019032618492936627","0.00019032618492936627","17_30:0.007497400475986515","17_30:660","true"
"18","360.8299907620389","120.14567062036753","4.788136263694171","-0.31063598977187784","0.00927734375","0.00927734375","0.00927734375","1300","0.00013023260196218592","0","0.00013023260196218592","0.00013023260196218592","18_19:0.0058116794498940805","18_19:660","true"
"19","474.0370611655132","148.17119761558686","4.747120098600688","-0.31072395279331844","0.0087890625","0.01318359375","0.00439453125","1300","0.0001592480379675005","0","0.0001592480379675005","0.0001592480379675005","","","true"
"20","416.3706716912136","168.42750463344467","4.862343699999569","-0.3090978906556921","0.024658203125","0.00634765625","0.04296875","1300","0.0001267231769360077","0","0.0001267231769360077","0.0001267231769360077","20_33:0.030345605429073386;20_19:0.006573043600850148","20_33:660;20_19:660","true"
"21","260.24812576648685","95.58594728187886","4.9664954689540295","-0.30694839478531033","0.012451171875","0.01318359375","0.01171875","1300","0.00018024652781551564","0","0.00018024652781551564","0.00018024652781551564","21_20:0.004721739548224468;21_22:0.030635788799804886","21_20:660;21_22:660","true"
"22","228.1819392298821","187.60573632376565","5.03820860857476","-0.3065535436677073","0.01123046875","0.0166015625","0.005859375","1300","0.0011862999878617792","0","0.0011862999878617792","0.0011862999878617792","22_23:0.01207601420326726","22_23:660","true"
"23","259.6118217424173","107.00037404170847","4.844967105192699","-0.309395699354676","0.01123046875","0.013671875","0.0087890625","1300","0.0001808240257407689","0","0.0001808240257407689","0.0001808240257407689","","","true"
"24","230.84873319825118","119.6171321492539","5.100786806301812","-0.3054983979252499","0.145751953125","0.01416015625","0.27734375","1300","0.0004682905893973456","0","0.0004682905893973456","0.0004682905893973456","24_23:0.005974556533088371;24_34:1","24_23:660;24_34:660","true"
"25","261.90874953349913","148.82842814858415","4.945226426294734","-0.3084275156167526","0.0185546875","0.013671875","0.0234375","1300","0.00020734100119366669","0","0.00020734100119366669","0.00020734100119366669","25_24:0.0055380728714962135","25_24:660","true"
"26","223.01605301599128","132.46760862218142","4.854114083623256","-0.30976922795032275","0.024169921875","0.00732421875","0.041015625","1300","0.0001519221973638864","0","0.0001519221973638864","0.0001519221973638864","26_25:0.010063338764265906","26_25:660","true"
"27","405.04268539151155","248.64124283066815","4.747643956466431","-0.31027519414312993","0.039306640625","0.02587890625","0.052734375","1300","0.00011349530647508206","0","0.00011349530647508206","0.00011349530647508206","27_26:0.00478136740972257","27_26:660","true"
"28","210.9497433978376","94.28265571986506","4.994398629630188","-0.3073714140177614","0.047607421875","0.0126953125","0.08251953125","1300","0.00025115649818626605","0","0.00025115649818626605","0.00025115649818626605","28_27:0.006203924143277861;28_29:0.02168570987596602;28_35:0.008033611907330152","28_27:660;28_29:660;28_35:660","true"
"29","410.75309908902375","258.2527588567491","4.628643106119213","-0.3122408870668324","0.03125","0.02978515625","0.03271484375","1300","0.0008914230643361879","0","0.0008914230643361879","0.0008914230643361879","","","true"
"30","242.84888288784956","63.42300052125192","4.732964914107761","-0.31090012417705765","0.010009765625","0.01025390625","0.009765625","1300","0.000289584531471621","0","0.000289584531471621","0.000289584531471621","30_29:0.01901087293316328;30_31:0.007553187074681389","30_29:660;30_31:660","true"
"31","182.76084654005464","53.305382194941046","4.7976606436752745","-0.31025628620305007","0.00732421875","0.00439453125","0.01025390625","1300","0.00013011190898235087","0","0.00013011190898235087","0.00013011190898235087","31_32:0.01007046232192571","31_32:660","true"
"32","240.1878283117658","337.6895691219465","4.910382023100295","-0.3078794303810588","0.009521484375","0.01318359375","0.005859375","1300","0.00045391310184188634","0","0.00045391310184188634","0.00045391310184188634","32_36:0.009730943897106104","32_36:660","true"
"33","303.0489100818612","136.88878790247642","4.973181211858496","-0.3075486854907048","0.0146484375","0.009765625","0.01953125","1300","0.00015213755562243475","0","0.00015213755562243475","0.00015213755562243475","33_39:0.005621647696956333","33_39:660","true"
"34","128.27031190604356","86.64176007091034","4.678642784699527","-0.3124338462946453","0.04052734375","0.029296875","0.0517578125","1300","0.00030349174029310565","0","0.00030349174029310565","0.00030349174029310565","34_43:0.006958300227583203","34_43:660","true"
"35","325.0063509230912","144.17901894463597","4.907601762291234","-0.308301773576246","0.021240234375","0.0107421875","0.03173828125","1300","0.0002221509578539136","0","0.0002221509578539136","0.0002221509578539136","35_47:0.00674567615883348","35_47:660","true"
"36","186.95520019036675","363.8315060130121","4.81230561379918","-0.31175120998201256","0.01171875","0.005859375","0.017578125","1300","0.000121482709876008","0","0.000121482709876008","0.000121482709876008","36_51:0.011480870617706085","36_51:660","true"
"37","227.02669841041336","111.45101970196323","4.837890539961137","-0.30886995110205334","0.010009765625","0.0087890625","0.01123046875","1300","0.0001557004648238761","0","0.0001557004648238761","0.0001557004648238761","37_38:0.0076282698075640365","37_38:660","true"
"38","216.75631696815128","131.75460263004467","4.7766714230705745","-0.31016511917022377","0.02734375","0.02978515625","0.02490234375","1300","0.00029855108976080267","0","0.00029855108976080267","0.00029855108976080267","","","true"
"39","59.80288841699806","138.4366881964194","4.917338188196511","-0.30824769981735706","0.0283203125","0.01171875","0.044921875","1300","0.00020832709223660647","0","0.00020832709223660647","0.00020832709223660647","39_38:0.007142973822660881","39_38:660","true"
"40","248.8307679347057","34.63433122985205","4.86822522950632","-0.30859152479413265","0.01416015625","0.00927734375","0.01904296875","1300","0.00014866765437765913","0","0.00014866765437765913","0.00014866765437765913","40_41:0.004674609236247129;40_39:0.005630431170667416","40_41:660;40_39:660","true"
"41","283.9458341964323","302.2496538434366","4.9355405063933215","-0.30862641143413133","0.01220703125","0.00537109375","0.01904296875","1300","0.00009659968432884845","0","0.00009659968432884845","0.00009659968432884845","41_53:0.004168322713212158","41_53:660","true"
"42","270.31271666610445","152.64312012220796","5.063937004161952","-0.3066601274184393","0.01611328125","0.01220703125","0.02001953125","1300","0.0001669305944968508","0","0.0001669305944968508","0.0001669305944968508","42_41:0.005075573619770624;42_43:0.005532137933692338","42_41:660;42_43:660","true"
"43","300.24188385544335","223.05276027463913","4.8295584168080525","-0.3101290706249939","0.017822265625","0.01953125","0.01611328125","1300","0.00017426082907783682","0","0.00017426082907783682","0.00017426082907783682","43_44:0.01212220499163491","43_44:660","true"
"44","272.3916513470034","19.82115375827172","4.949163813770712","-0.3085061819189273","0.01708984375","0.015625","0.0185546875","1300","0.0005454444708496903","0","0.0005454444708496903","0.0005454444708496903","44_45:0.012560125401233413","44_45:660","true"
"45","102.98731307735318","22.185769520600008","4.9995143777944175","-0.35905492913025383","0.064697265625","0.0732421875","0.05615234375","1300","0.0006248832379375835","0","0.0006248832379375835","0.0006248832379375835","","","true"
"46","267.6689291281592","230.6317103047883","4.853148804085496","-0.3093752065131216","0.02392578125","0.03466796875","0.01318359375","1300","0.0003177626109007523","0","0.0003177626109007523","0.0003177626109007523","46_45:0.04273985358270721;46_47:0.005774316439756899","46_45:660;46_47:660","true"
"47","219.02683574681686","213.57787539915472","4.769547805272399","-0.3109329882546267","0.011962890625","0.01123046875","0.0126953125","1300","0.00016027712688209918","0","0.00016027712688209918","0.00016027712688209918","","","true"
"48","205.08362446567872","89.81556680201943","4.844171075349287","-0.3101551740988557","0.015380859375","0.013671875","0.01708984375","1300","0.0001854465520143545","0","0.0001854465520143545","0.0001854465520143545","48_47:0.006381963857480355;48_49:0.010943460969987606","48_47:660;48_49:660","true"
"49","206.7488356502653","62.27382037260427","4.697340767089157","-0.312183453636997","0.01025390625","0.01025390625","0.01025390625","1300","0.000304010788912113","0","0.000304010788912113","0.000304010788912113","","","true"
"50","261.14060396971047","29.407753090362277","4.784036831114759","-0.31049210238863767","0.016357421875","0.015625","0.01708984375","1300","0.0005620329655891915","0","0.0005620329655891915","0.0005620329655891915","50_49:0.019118160307063814;50_51:0.02097249435733306","50_49:660;50_51:660","true"
"51","276.539807576187","208.88430475046684","4.931197003420066","-0.3079514036835037","0.03662109375","0.0380859375","0.03515625","1300","0.00011456761978111607","0","0.00011456761978111607","0.00011456761978111607","","","true"
"52","188.36593693794987","158.32380272846785","4.91526497084284","-0.30801090653647334","0.012451171875","0.0166015625","0.00830078125","1300","0.0001348504429369997","0","0.0001348504429369997","0.0001348504429369997","52_37:0.005049318414569293;52_56:0.005268888085681156","52_37:660;52_56:660","true"
"53","293.5717598527988","341.7785431367546","4.996659684121246","-0.30683792833129964","0.017822265625","0.005859375","0.02978515625","1300","0.00016166620682153693","0","0.00016166620682153693","0.00016166620682153693","53_60:0.008340151318745936","53_60:660","true"
"54","234.3607738005135","144.71741843272181","4.969561662798137","-0.3069935236147513","0.017578125","0.02001953125","0.01513671875","1300","0.000464567181446305","0","0.000464567181446305","0.000464567181446305","54_64:0.012062830724220708;54_45:0.02422376385390168","54_64:660;54_45:660","true"
"55","253.80229081027878","108.31714042980032","4.837201205601502","-0.31038048092010345","0.017578125","0.0107421875","0.0244140625","1300","0.0002005104984188097","0","0.0002005104984188097","0.0002005104984188097","55_68:0.006594729425566936;55_49:0.008545332187154475","55_68:660;55_49:660","true"
"56","304.5330192108991","137.4668714149686","4.8145299797331536","-0.30974571553277236","0.0205078125","0.0146484375","0.0263671875","1300","0.00013718303178056405","0","0.00013718303178056405","0.00013718303178056405","56_57:0.004359799760626337","56_57:660","true"
"57","229.56313984733518","116.66815927254781","4.927646737071267","-0.30778611849622645","0.0166015625","0.01171875","0.021484375","1300","0.00011401320358938811","0","0.00011401320358938811","0.00011401320358938811","57_58:0.005393404989210815","57_58:660","true"
"58","266.77225845057","177.00585968558457","4.8869753368912425","-0.30930018015034827","0.0146484375","0.01171875","0.017578125","1300","0.0003334985632803814","0","0.0003334985632803814","0.0003334985632803814","58_71:0.011757249046491058;58_59:0.004894201200941195","58_71:660;58_59:660","true"
"59","269.6506184401385","30.65440700365186","4.971231402420406","-0.30762691104199297","0.0166015625","0.01708984375","0.01611328125","1300","0.00015865743234391442","0","0.00015865743234391442","0.00015865743234391442","59_60:0.005286962265857176","59_60:660","true"
"60","199.49135241849115","112.28328817025276","4.766276897623932","-0.31054248475500074","0.025390625","0.02490234375","0.02587890625","1300","0.00038904050624540075","0","0.00038904050624540075","0.00038904050624540075","60_61:0.026673393642449583","60_61:660","true"
"61","248.23835975867772","168.8999312829526","4.793792668858865","-0.29056402780855567","0.012451171875","0.01123046875","0.013671875","1300","0.0003758947832303067","0","0.0003758947832303067","0.0003758947832303067","","","true"
"62","172.18463569507173","145.81255267403222","4.935217920537267","-0.3079921198487331","0.016845703125","0.0126953125","0.02099609375","1300","0.00022561860907837852","0","0.00022561860907837852","0.00022561860907837852","62_72:0.008896813430016082;62_61:0.006774344260438214;62_63:0.010347629438312966","62_72:660;62_61:660;62_63:660","true"
"63","165.15978708163934","186.18607082383735","5.041617525707789","-0.30694631371315323","0.0126953125","0.0126953125","0.0126953125","1300","0.00017895529235688643","0","0.00017895529235688643","0.00017895529235688643","63_64:0.006630025212961244","63_64:660","true"
"64","158.56360695081048","145.09016491612334","4.821562449872986","-0.30967161679000116","0.008056640625","0.00927734375","0.0068359375","1300","0.0002543406908369099","0","0.0002543406908369099","0.0002543406908369099","","","true"
"65","282.7655324639765","95.75420813867026","4.957159684317061","-0.3075262411046977","0.015625","0.0126953125","0.0185546875","1300","0.0001597422997046673","0","0.0001597422997046673","0.0001597422997046673","65_64:0.006444838230389771;65_66:0.0061037282366931955","65_64:660;65_66:660","true"
"66","349.63121999205526","191.926325955888","4.884987908371795","-0.3091067496263565","0.0087890625","0.0087890625","0.0087890625","1300","0.0002626972046792703","0","0.0002626972046792703","0.0002626972046792703","","","true"
"67","137.68506826403774","101.33848024129874","5.113935189156667","-0.3058889857295697","0.046630859375","0.03759765625","0.0556640625","1300","0.00022749735479836924","0","0.00022749735479836924","0.00022749735479836924","67_68:0.008751948491778017;67_66:0.006951556236881873","67_68:660;67_66:660","true"
"68","183.57618119247172","28.739805528079778","4.74376283474026","-0.31111458963233274","0.113037109375","0.19384765625","0.0322265625","1300","0.000286382380420253","0","0.000286382380420253","0.000286382380420253","","","true"
"69","223.35011500614732","146.27305138166358","5.117670799236115","-0.3044028997353383","0.01708984375","0.01220703125","0.02197265625","1300","0.00040345002050882166","0","0.00040345002050882166","0.00040345002050882166","69_68:0.010816656858059104;69_70:0.006145523883785198","69_68:660;69_70:660","true"
"70","227.77890493156306","72.4061261191418","4.898853179900534","-0.3082399407301921","0.078125","0.0634765625","0.0927734375","1300","0.0001653385336836643","0","0.0001653385336836643","0.0001653385336836643","","","true"
"71","116.64724546349775","165.31627680704173","4.788272933023957","-0.3094663460422399","0.0068359375","0.00537109375","0.00830078125","1300","0.00020111503490642614","0","0.00020111503490642614","0.00020111503490642614","","","true"
"72","260.7647043097849","155.166567226784","5.05918704604093","-0.2985458699744989","0.017578125","0.01611328125","0.01904296875","1300","0.00015647662770377853","0","0.00015647662770377853","0.00015647662770377853","","","true"
"73","279.34296216674363","135.75566851425336","4.9795908134158395","-0.307607369486609","0.021240234375","0.0078125","0.03466796875","1300","0.00024822506615284327","0","0.00024822506615284327","0.00024822506615284327","73_66:0.007087867645891699","73_66:660","true"
"74","240.13576421611825","96.5535497918574","5.03140312633717","-0.3067427013413316","0.20654296875","0.17626953125","0.23681640625","1300","1","0","1","1","74_70:0.025629180757850367;74_89:0.031691235935451034","74_70:660;74_89:660","true"
"75","264.47980377641056","27.358798691516924","5.0059500211908095","-0.30673349842246334","0.012451171875","0.0068359375","0.01806640625","1300","0.00024339984023887134","0","0.00024339984023887134","0.00024339984023887134","75_90:0.005725669872240435","75_90:660","true"
"76","318.824738165214","63.50446590415259","4.837421228997931","-0.30948286299394656","0.0126953125","0.01318359375","0.01220703125","1300","0.00016157927057471234","0","0.00016157927057471234","0.00016157927057471234","76_75:0.004985931603806226","76_75:660","true"
"77","274.74003834166626","150.86698651938318","5.041922097464688","-0.30723078653018854","0.032470703125","0.01171875","0.05322265625","1300","0.000484860258410639","0","0.000484860258410639","0.000484860258410639","77_76:0.009214416153828953;77_78:0.010452549050707416;77_71:0.010288786697252361","77_76:660;77_78:780;77_71:660","true"
"78","193.52808848061105","195.35537590138114","4.64340517524683","-0.31230747337772335","0.0087890625","0.0078125","0.009765625","1300","0.00019179001018995693","0","0.00019179001018995693","0.00019179001018995693","","","true"
"79","252.49781719978367","100.33569374406962","4.86317273264166","-0.3092713261857367","0.013427734375","0.01318359375","0.013671875","1300","0.00012804433387491205","0","0.00012804433387491205","0.00012804433387491205","79_78:0.005744656846467355;79_80:0.00486219353588746","79_78:660;79_80:660","true"
"80","260.4725009178757","256.8062439003766","5.031451727014473","-0.3072198090686745","0.01953125","0.017578125","0.021484375","1300","0.00016118644175186958","0","0.00016118644175186958","0.00016118644175186958","80_81:0.005465530723646805","80_81:660","true"
"81","315.3613095630069","345.68810674715326","4.930436272244525","-0.30841914125984865","0.0517578125","0.0576171875","0.0458984375","1300","1","0","1","1","81_82:0.005205664192288795;81_72:0.00526940590826952","81_82:660;81_72:660","true"
"82","275.35080390581106","239.73096906740264","4.8936204444799225","-0.30897996872816896","0.020751953125","0.017578125","0.02392578125","1300","0.0001688770550208814","0","0.0001688770550208814","0.0001688770550208814","82_83:0.004888367359175805","82_83:660","true"
"83","300.9090713298419","47.752020735562986","4.790695538309579","-0.31061744032224003","0.015625","0.01513671875","0.01611328125","1300","0.00017116688004276985","0","0.00017116688004276985","0.00017116688004276985","83_92:0.007538727851767457","83_92:660","true"
"84","263.9013805435968","142.6032512134647","4.679680997256357","-0.31137294267603616","0.01123046875","0.0107421875","0.01171875","1300","0.0001638348208354961","0","0.0001638348208354961","0.0001638348208354961","84_83:0.004682913121938914","84_83:660","true"
"85","291.82418313180494","97.12302540216457","5.104781711952043","-0.3061413803895981","0.018798828125","0.00927734375","0.0283203125","1300","0.0002224036921602758","0","0.0002224036921602758","0.0002224036921602758","85_73:0.005442303895368206;85_84:0.035816497844981254;85_86:0.008759178325843942","85_73:660;85_84:660;85_86:660","true"
"86","249.97002347489274","93.01994533553338","4.89881032679323","-0.3083187869423004","0.0400390625","0.03271484375","0.04736328125","1300","0.000424665479024438","0","0.000424665479024438","0.000424665479024438","86_87:0.012262678649806236","86_87:660","true"
"87","212.34213906584785","114.53643843769882","4.992076217076269","-0.307423102897223","0.02197265625","0.021484375","0.0224609375","1300","0.0008304783590238591","0","0.0008304783590238591","0.0008304783590238591","87_88:0.017043413657716333","87_88:660","true"
"88","133.40183787830688","17.64674436412181","5.0993383823412435","-0.3058997453558384","0.0751953125","0.05810546875","0.09228515625","1300","0.0006972559161395023","0","0.0006972559161395023","0.0006972559161395023","88_89:0.02198478220529232","88_89:660","true"
"89","97.57720307979024","12.945812445131825","4.956464339906959","-0.3077261951848229","0.059814453125","0.021484375","0.09814453125","1300","0.0004594162605384031","0","0.0004594162605384031","0.0004594162605384031","","","true"
"90","289.8424945966911","49.45964223090614","4.9056012967634945","-0.307867793738734","0.010498046875","0.00634765625","0.0146484375","1300","0.00015272036540157582","0","0.00015272036540157582","0.00015272036540157582","","","true"
"91","199.47935042584214","217.9359548325444","4.914597448282759","-0.30850221183732857","0.02783203125","0.0361328125","0.01953125","1300","0.0043352506130049885","0","0.0043352506130049885","0.0043352506130049885","91_79:0.016143837827563845","91_79:660","true"
"92","226.55341142110564","140.03738871097121","4.912107509263068","-0.308588011384664","0.007568359375","0.005859375","0.00927734375","1300","0.0003906556633868297","0","0.0003906556633868297","0.0003906556633868297","92_102:0.007070936525922555","92_102:660","true"
"93","108.37667240510896","35.978119782389115","4.964098109352413","-0.3073815906362206","0.103271484375","0.06884765625","0.1376953125","1300","0.0011779401049198657","0","0.0011779401049198657","0.0011779401049198657","93_106:0.015865424501538106;93_87:0.02242621953586682","93_106:660;93_87:740","true"
"94","250.59387357077537","153.93193818910032","4.975874868804886","-0.3076458715160733","0.017333984375","0.00927734375","0.025390625","1300","0.00023712703395357404","0","0.00023712703395357404","0.00023712703395357404","94_95:0.005689159776679997;94_90:0.006125709883760211","94_95:660;94_90:660","true"
"95","272.1096305138309","159.18926974050382","4.838894763041263","-0.3098764431196092","0.009765625","0.01220703125","0.00732421875","1300","0.00012558123491657438","0","0.00012558123491657438","0.00012558123491657438","95_96:0.005251004155924777","95_96:660","true"
"96","376.27188125006495","49.224602350469894","4.747930408569101","-0.3109191907797597","0.045166015625","0.0400390625","0.05029296875","1300","0.0002113897514837202","0","0.0002113897514837202","0.0002113897514837202","","","true"
"97","236.3391437970066","119.0673148561832","4.816158761742778","-0.3095561501235201","0.008056640625","0.005859375","0.01025390625","1300","0.0001844589428223974","0","0.0001844589428223974","0.0001844589428223974","97_96:0.007916185421996458;97_98:0.009730301616247938","97_96:660;97_98:660","true"
"98","196.39174711787263","104.1944385425581","4.942895465116934","-0.308363471215884","0.016357421875","0.0185546875","0.01416015625","1300","0.0007334945384926563","0","0.0007334945384926563","0.0007334945384926563","98_91:0.026734420086557353","98_91:660","true"
"99","254.24617230702842","258.1918191744948","5.060119875112646","-0.30553728570536653","0.015625","0.005859375","0.025390625","1300","0.00017399160378494825","0","0.00017399160378494825","0.00017399160378494825","99_98:0.01132837618910093","99_98:660","true"
"100","133.16481790055758","134.9609456543402","4.905355301086277","-0.3084392241160231","0.0126953125","0.01220703125","0.01318359375","1300","0.00021527711253406138","0","0.00021527711253406138","0.00021527711253406138","100_110:0.008032948173741727;100_99:0.028845813112519436","100_110:660;100_99:660","true"
"101","176.16093492139953","174.47284592759138","5.065363121591753","-0.3063331480679172","0.018310546875","0.00830078125","0.0283203125","1300","0.00022423619268712954","0","0.00022423619268712954","0.00022423619268712954","101_100:0.01413726719172842;101_102:0.007226008622043034","101_100:660;101_102:660","true"
"102","178.8952640805439","186.3588758514614","4.809691734874245","-0.30996470519230634","0.043701171875","0.04443359375","0.04296875","1300","0.0002753033678005675","0","0.0002753033678005675","0.0002753033678005675","102_103:0.011498154074036815","102_103:660","true"
"103","214.21531799593544","96.37262816411311","4.933450117274575","-0.30764620230723944","0.0068359375","0.00537109375","0.00830078125","1300","0.0002729872888187732","0","0.0002729872888187732","0.0002729872888187732","","","true"
"104","212.985463078427","135.01775732223402","4.765568270262312","-0.31046094866074025","0.011474609375","0.01171875","0.01123046875","1300","0.0003226748127000001","0","0.0003226748127000001","0.0003226748127000001","104_103:0.010896479473635978","104_103:660","true"
"105","163.11696589582982","79.75975738130415","4.982162179354164","-0.30759736332542964","0.010498046875","0.00634765625","0.0146484375","1300","0.0003886258713076833","0","0.0003886258713076833","0.0003886258713076833","105_104:0.009778300751142499;105_106:0.009473600989282183","105_104:660;105_106:660","true"
"106","110.21076854226867","15.267331384809056","4.878147411191742","-0.309312950580174","0.06689453125","0.0615234375","0.072265625","1300","0.00034492624341144867","0","0.00034492624341144867","0.00034492624341144867","","","true"
"107","211.55854065506102","30.52530325025217","4.916002313718492","-0.3080022405881546","0.03173828125","0.02392578125","0.03955078125","1300","0.00034621776525434064","0","0.00034621776525434064","0.00034621776525434064","107_106:0.01152107066995034","107_106:660","true"
"108","160.24873840773446","20.48990800427117","5.056169418579259","-0.3060067460745893","0.011474609375","0.00927734375","0.013671875","1300","0.0003145110546857121","0","0.0003145110546857121","0.0003145110546857121","108_112:0.014582804351413237;108_107:0.01592189288455259","108_112:660;108_107:660","true"
"109","287.98881472853265","237.21480324246014","4.9849716612604995","-0.3071158019842663","0.046630859375","0.0380859375","0.05517578125","1300","0.00017839278798298917","0","0.00017839278798298917","0.00017839278798298917","109_96:0.006996786018139134","109_96:660","true"
"110","242.345466537189","233.15133574747907","4.830168074233381","-0.3090472310608016","0.012451171875","0.013671875","0.01123046875","1300","0.0002499565101047725","0","0.0002499565101047725","0.0002499565101047725","110_118:0.006539301231196115","110_118:660","true"
"111","113.45441509323835","134.28900704230392","4.853242215327008","-0.30961255187582126","0.016845703125","0.02197265625","0.01171875","1300","0.0013780903306266352","0","0.0013780903306266352","0.0013780903306266352","111_104:0.013461355017278132","111_104:660","true"
"112","240.0979275037042","23.706409077748724","5.002420183905229","-0.3061965297474003","0.039794921875","0.005859375","0.07373046875","1300","0.00032952628373192783","0","0.00032952628373192783","0.00032952628373192783","112_126:0.011919425228770042","112_126:660","true"
"113","259.1141281875772","250.35151322766035","5.031994198235679","-0.30676917589658537","0.009521484375","0.00927734375","0.009765625","1300","0.0001944941592231002","0","0.0001944941592231002","0.0001944941592231002","113_114:0.005472277847036966","113_114:660","true"
"114","340.59412110967816","54.06061597339939","4.822458580678114","-0.30937991952553456","0.153564453125","0.14111328125","0.166015625","1300","1","0","1","1","114_109:0.005058377183971063;114_115:0.08372134692078859","114_109:660;114_115:660","true"
"115","4.743648962706613","5.143639509781159","5.027965764636934","-0.3068193442669031","0.03076171875","0.05224609375","0.00927734375","1300","0.00673638821678163","0","0.00673638821678163","0.00673638821678163","","","true"
"116","301.7421481985904","112.41142043016006","4.91273841015333","-0.3082983947671616","0.02734375","0.03759765625","0.01708984375","1300","0.0008019046448067254","0","0.0008019046448067254","0.0008019046448067254","116_115:0.04787228604475963;116_117:0.010904643072334297","116_115:660;116_117:660","true"
"117","215.9105268847433","180.8770166041925","4.83312052406085","-0.3092141826105853","0.017822265625","0.01806640625","0.017578125","1300","0.0002582348578619472","0","0.0002582348578619472","0.0002582348578619472","117_118:0.005778754245796602","117_118:660","true"
"118","239.2523324680362","227.84846636006768","4.732968938479511","-0.3103162291505652","0.007568359375","0.01025390625","0.0048828125","1300","0.00016643935886789547","0","0.00016643935886789547","0.00016643935886789547","118_119:0.006068284234722832","118_119:660","true"
"119","108.71615787171949","114.02844136221269","4.802588853820226","-0.28980565670333075","0.02197265625","0.029296875","0.0146484375","1300","0.000299207582738788","0","0.000299207582738788","0.000299207582738788","","","true"
"120","276.8527643556848","211.62520660998868","4.8366127396336624","-0.3088294992030973","0.016357421875","0.01953125","0.01318359375","1300","0.00016180499756544164","0","0.00016180499756544164","0.00016180499756544164","120_119:0.008276292764449855","120_119:660","true"
"121","251.9712675887515","161.9907607199101","4.967921702725719","-0.30831927501521805","0.019287109375","0.02587890625","0.0126953125","1300","0.0006178964612044234","0","0.0006178964612044234","0.0006178964612044234","121_120:0.006795081188588736","121_120:660","true"
"122","178.4009177890543","171.88249988744823","4.937580212846825","-0.307131343243749","0.01953125","0.01708984375","0.02197265625","1300","0.00023110563109084132","0","0.00023110563109084132","0.00023110563109084132","122_121:0.01608540764206129;122_123:0.00849811903645209;122_111:0.01758375638334575","122_121:660;122_123:660;122_111:660","true"
"123","192.42099480037086","134.82537923223927","5.034330046850204","-0.3063945650809262","0.02392578125","0.033203125","0.0146484375","1300","0.00022098748889280774","0","0.00022098748889280774","0.00022098748889280774","","","true"
"124","290.7204536533176","300.9688392947694","4.949182512237622","-0.30728609162938675","0.014404296875","0.0205078125","0.00830078125","1300","0.0017285847050199827","0","0.0017285847050199827","0.0017285847050199827","124_123:0.006626596398581874","124_123:660","true"
"125","310.40919367320197","118.1957611047802","4.859119858429003","-0.3081939603922578","0.010009765625","0.0107421875","0.00927734375","1300","0.0002544832016470285","0","0.0002544832016470285","0.0002544832016470285","125_124:0.006198418810281936;125_126:0.00833839487839505","125_124:660;125_126:660","true"
"126","156.7537304354081","18.839353996419263","4.9082257028907526","-0.30857572639301106","0.01953125","0.0166015625","0.0224609375","1300","0.00035497944921153673","0","0.00035497944921153673","0.00035497944921153673","","","true"